,session_id,station_id,connector_no,started_at,ended_at,energy_kwh,status
11,SE000012,ST008,4,2026-06-01 05:00:00,2026-06-01 05:02:00,0.0,failed
34,SE000035,ST011,4,2026-06-01 10:19:00,2026-06-01 10:25:00,0.0,failed
72,SE000073,ST007,2,2026-06-01 18:55:00,2026-06-01 18:58:00,0.0,failed
83,SE000084,ST002,2,2026-06-01 22:19:00,2026-06-01 22:25:00,0.0,failed
95,SE000096,ST002,5,2026-06-02 07:57:00,2026-06-02 08:01:00,0.0,failed
96,SE000097,ST002,1,2026-06-02 08:00:00,2026-06-02 08:05:00,0.0,failed
124,SE000125,ST016,1,2026-06-02 18:30:00,2026-06-02 18:33:00,0.0,failed
130,SE000131,ST010,2,2026-06-02 19:44:00,2026-06-02 19:50:00,0.0,failed
155,SE000156,ST008,2,2026-06-03 07:37:00,2026-06-03 07:45:00,0.0,failed
158,SE000159,ST016,5,2026-06-03 08:58:00,2026-06-03 09:06:00,0.0,failed
171,SE000172,ST011,2,2026-06-03 11:20:00,2026-06-03 11:24:00,0.0,failed
178,SE000179,ST007,3,2026-06-03 12:46:00,2026-06-03 12:51:00,0.0,failed
189,SE000190,ST017,6,2026-06-03 16:10:00,2026-06-03 16:16:00,0.0,failed
191,SE000192,ST011,5,2026-06-03 16:41:00,2026-06-03 16:45:00,0.0,failed
217,SE000218,ST002,6,2026-06-03 22:40:00,2026-06-03 22:46:00,0.0,failed
243,SE000244,ST017,4,2026-06-04 09:39:00,2026-06-04 09:41:00,0.0,failed
275,SE000276,ST008,4,2026-06-04 16:42:00,2026-06-04 16:48:00,0.0,failed
314,SE000315,ST005,6,2026-06-05 08:26:00,2026-06-05 08:32:00,0.0,failed
324,SE000325,ST017,4,2026-06-05 09:00:00,2026-06-05 09:07:00,0.0,failed
330,SE000331,ST015,4,2026-06-05 09:46:00,2026-06-05 09:53:00,0.0,failed
337,SE000338,ST015,4,2026-06-05 10:23:00,2026-06-05 10:28:00,0.0,failed
343,SE000344,ST017,1,2026-06-05 11:08:00,2026-06-05 11:11:00,0.0,failed
406,SE000407,ST005,6,2026-06-06 03:19:00,2026-06-06 03:26:00,0.0,failed
425,SE000426,ST019,2,2026-06-06 09:32:00,2026-06-06 09:35:00,0.0,failed
426,SE000427,ST017,1,2026-06-06 09:33:00,2026-06-06 09:41:00,0.0,failed
538,SE000539,ST003,4,2026-06-07 13:43:00,2026-06-07 13:45:00,0.0,failed
587,SE000588,ST010,1,2026-06-08 09:09:00,2026-06-08 09:15:00,0.0,failed
625,SE000626,ST016,2,2026-06-08 16:21:00,2026-06-08 16:28:00,0.0,failed
639,SE000640,ST019,2,2026-06-08 19:15:00,2026-06-08 19:21:00,0.0,failed
644,SE000645,ST019,1,2026-06-08 20:03:00,2026-06-08 20:07:00,0.0,failed
646,SE000647,ST016,4,2026-06-08 20:22:00,2026-06-08 20:26:00,0.0,failed
687,SE000688,ST015,3,2026-06-09 10:21:00,2026-06-09 10:25:00,0.0,failed
701,SE000702,ST013,1,2026-06-09 13:40:00,2026-06-09 13:47:00,0.0,failed
702,SE000703,ST017,4,2026-06-09 14:10:00,2026-06-09 14:15:00,0.0,failed
710,SE000711,ST010,6,2026-06-09 16:16:00,2026-06-09 16:23:00,0.0,failed
714,SE000715,ST019,1,2026-06-09 17:07:00,2026-06-09 17:10:00,0.0,failed
715,SE000716,ST017,5,2026-06-09 17:09:00,2026-06-09 17:17:00,0.0,failed
723,SE000724,ST016,2,2026-06-09 19:24:00,2026-06-09 19:32:00,0.0,failed
724,SE000725,ST004,3,2026-06-09 19:34:00,2026-06-09 19:41:00,0.0,failed
738,SE000739,ST005,1,2026-06-10 02:04:00,2026-06-10 02:06:00,0.0,failed
745,SE000746,ST005,3,2026-06-10 06:53:00,2026-06-10 06:57:00,0.0,failed
791,SE000792,ST005,2,2026-06-10 17:54:00,2026-06-10 17:56:00,0.0,failed
840,SE000841,ST017,2,2026-06-11 12:18:00,2026-06-11 12:23:00,0.0,failed
844,SE000845,ST007,4,2026-06-11 13:32:00,2026-06-11 13:37:00,0.0,failed
861,SE000862,ST019,1,2026-06-11 17:52:00,2026-06-11 17:57:00,0.0,failed
864,SE000865,ST016,4,2026-06-11 18:15:00,2026-06-11 18:22:00,0.0,failed
878,SE000879,ST017,5,2026-06-11 21:16:00,2026-06-11 21:21:00,0.0,failed
960,SE000961,ST011,1,2026-06-13 04:54:00,2026-06-13 04:57:00,0.0,failed
973,SE000974,ST014,5,2026-06-13 10:30:00,2026-06-13 10:34:00,0.0,failed
996,SE000997,ST018,1,2026-06-13 19:51:00,2026-06-13 19:54:00,0.0,failed
1053,SE001054,ST011,4,2026-06-14 16:30:00,2026-06-14 16:34:00,0.0,failed
1133,SE001134,ST014,2,2026-06-15 16:41:00,2026-06-15 16:47:00,0.0,failed
1134,SE001135,ST005,1,2026-06-15 16:47:00,2026-06-15 16:53:00,0.0,failed
1146,SE001147,ST005,2,2026-06-15 19:33:00,2026-06-15 19:40:00,0.0,failed
1162,SE001163,ST005,4,2026-06-15 22:19:00,2026-06-15 22:24:00,0.0,failed
1166,SE001167,ST005,2,2026-06-15 23:06:00,2026-06-15 23:11:00,0.0,failed
1175,SE001176,ST005,5,2026-06-16 02:03:00,2026-06-16 02:11:00,0.0,failed
1196,SE001197,ST008,3,2026-06-16 10:24:00,2026-06-16 10:30:00,0.0,failed
1218,SE001219,ST005,6,2026-06-16 19:01:00,2026-06-16 19:08:00,0.0,failed
1228,SE001229,ST004,1,2026-06-16 21:08:00,2026-06-16 21:14:00,0.0,failed
1230,SE001231,ST016,5,2026-06-16 21:54:00,2026-06-16 21:58:00,0.0,failed
1264,SE001265,ST002,2,2026-06-17 11:34:00,2026-06-17 11:38:00,0.0,failed
1307,SE001308,ST005,3,2026-06-17 22:41:00,2026-06-17 22:48:00,0.0,failed
1376,SE001377,ST019,2,2026-06-18 19:52:00,2026-06-18 19:57:00,0.0,failed
1402,SE001403,ST013,5,2026-06-19 08:44:00,2026-06-19 08:50:00,0.0,failed
1404,SE001405,ST018,2,2026-06-19 08:53:00,2026-06-19 08:56:00,0.0,failed
1434,SE001435,ST006,1,2026-06-19 14:07:00,2026-06-19 14:14:00,0.0,failed
1435,SE001436,ST013,6,2026-06-19 14:11:00,2026-06-19 14:14:00,0.0,failed
1455,SE001456,ST007,3,2026-06-19 17:24:00,2026-06-19 17:26:00,0.0,failed
1593,SE001594,ST016,1,2026-06-21 18:03:00,2026-06-21 18:11:00,0.0,failed
1634,SE001635,ST016,4,2026-06-22 09:13:00,2026-06-22 09:17:00,0.0,failed
1635,SE001636,ST002,4,2026-06-22 09:15:00,2026-06-22 09:20:00,0.0,failed
1644,SE001645,ST002,2,2026-06-22 10:59:00,2026-06-22 11:07:00,0.0,failed
1656,SE001657,ST003,4,2026-06-22 13:06:00,2026-06-22 13:14:00,0.0,failed
1664,SE001665,ST017,4,2026-06-22 14:31:00,2026-06-22 14:37:00,0.0,failed
1681,SE001682,ST008,2,2026-06-22 18:18:00,2026-06-22 18:24:00,0.0,failed
1730,SE001731,ST008,3,2026-06-23 09:59:00,2026-06-23 10:01:00,0.0,failed
1741,SE001742,ST012,1,2026-06-23 12:12:00,2026-06-23 12:17:00,0.0,failed
1744,SE001745,ST008,2,2026-06-23 12:50:00,2026-06-23 12:55:00,0.0,failed
1782,SE001783,ST003,4,2026-06-23 23:58:00,2026-06-24 00:02:00,0.0,failed
1788,SE001789,ST005,3,2026-06-24 05:35:00,2026-06-24 05:37:00,0.0,failed
1801,SE001802,ST002,3,2026-06-24 09:16:00,2026-06-24 09:22:00,0.0,failed
1837,SE001838,ST010,3,2026-06-24 19:30:00,2026-06-24 19:35:00,0.0,failed
1934,SE001935,ST015,3,2026-06-26 07:56:00,2026-06-26 08:03:00,0.0,failed
1987,SE001988,ST011,3,2026-06-26 21:29:00,2026-06-26 21:37:00,0.0,failed
2028,SE002029,ST007,1,2026-06-27 12:24:00,2026-06-27 12:27:00,0.0,failed
2052,SE002053,ST019,3,2026-06-27 18:24:00,2026-06-27 18:26:00,0.0,failed
2086,SE002087,ST013,1,2026-06-28 08:24:00,2026-06-28 08:27:00,0.0,failed
2135,SE002136,ST017,3,2026-06-28 19:09:00,2026-06-28 19:17:00,0.0,failed
2137,SE002138,ST016,5,2026-06-28 19:16:00,2026-06-28 19:24:00,0.0,failed
2184,SE002185,ST011,2,2026-06-29 11:39:00,2026-06-29 11:42:00,0.0,failed
2185,SE002186,ST017,2,2026-06-29 11:55:00,2026-06-29 11:58:00,0.0,failed
2208,SE002209,ST003,3,2026-06-29 17:02:00,2026-06-29 17:09:00,0.0,failed
2210,SE002211,ST004,3,2026-06-29 17:09:00,2026-06-29 17:16:00,0.0,failed
2212,SE002213,ST020,1,2026-06-29 17:30:00,2026-06-29 17:36:00,0.0,failed
2230,SE002231,ST011,2,2026-06-29 20:54:00,2026-06-29 21:01:00,0.0,failed
2259,SE002260,ST018,1,2026-06-30 09:29:00,2026-06-30 09:34:00,0.0,failed
