maintenance_id,station_id,connector_no,started_at,ended_at,maintenance_type,cost_eur
MA0001,ST004,2,2026-06-03 09:30:00,2026-06-03 10:00:00,corrective,
MA0002,ST013,4,2026-06-03 11:30:00,2026-06-03 13:00:00,preventive,333.41
MA0003,ST005,5,2026-06-05 09:00:00,2026-06-05 12:00:00,corrective,
MA0004,ST012,5,2026-06-05 10:00:00,2026-06-05 11:30:00,corrective,322.45
MA0005,ST006,1,2026-06-08 16:30:00,2026-06-08 17:30:00,preventive,612.98
MA0006,ST017,1,2026-06-09 11:30:00,2026-06-09 13:00:00,preventive,87.91
MA0007,ST014,3,2026-06-09 15:00:00,2026-06-09 16:00:00,preventive,403.78
MA0008,ST010,1,2026-06-12 07:30:00,2026-06-12 10:30:00,preventive,600.96
MA0009,ST016,2,2026-06-14 08:00:00,2026-06-14 11:00:00,corrective,140.60
MA0010,ST002,5,2026-06-14 11:30:00,2026-06-14 14:00:00,preventive,
MA0011,ST019,1,2026-06-14 12:30:00,2026-06-14 16:00:00,preventive,0.00
MA0012,ST003,4,2026-06-15 12:00:00,2026-06-15 14:30:00,preventive,517.02
MA0013,ST002,4,2026-06-16 13:00:00,2026-06-16 15:30:00,preventive,165.41
MA0014,ST004,2,2026-06-16 14:30:00,2026-06-16 15:30:00,corrective,
MA0015,ST006,2,2026-06-16 15:30:00,2026-06-16 19:00:00,corrective,192.12
MA0016,ST014,3,2026-06-17 13:00:00,2026-06-17 13:30:00,preventive,
MA0017,ST003,4,2026-06-17 15:30:00,2026-06-17 19:30:00,corrective,0.00
MA0018,ST006,1,2026-06-19 08:30:00,2026-06-19 09:30:00,corrective,
MA0019,ST017,3,2026-06-19 13:00:00,2026-06-19 13:30:00,corrective,256.65
MA0020,ST015,3,2026-06-19 16:30:00,2026-06-19 18:00:00,corrective,
MA0021,ST020,2,2026-06-20 12:00:00,2026-06-20 15:00:00,corrective,491.36
MA0022,ST002,2,2026-06-20 14:00:00,2026-06-20 15:00:00,preventive,487.28
MA0023,ST011,5,2026-06-21 07:30:00,2026-06-21 09:30:00,preventive,
MA0024,ST004,1,2026-06-21 16:00:00,2026-06-21 18:00:00,corrective,508.56
MA0025,ST019,2,2026-06-22 07:30:00,2026-06-22 08:00:00,preventive,245.05
MA0026,ST018,2,2026-06-22 12:30:00,2026-06-22 13:00:00,preventive,202.91
MA0027,ST005,3,2026-06-23 09:00:00,2026-06-23 12:00:00,preventive,0.00
MA0028,ST010,5,2026-06-25 10:00:00,2026-06-25 13:30:00,corrective,605.23
MA0029,ST014,1,2026-06-26 10:00:00,2026-06-26 10:30:00,corrective,
MA0030,ST003,4,2026-06-26 13:00:00,2026-06-26 15:30:00,preventive,542.78
MA0031,ST013,4,2026-06-28 11:00:00,2026-06-28 14:00:00,corrective,363.63
MA0032,ST010,4,2026-06-30 14:00:00,2026-06-30 15:30:00,corrective,271.76
